{"loss_g_mel":94.9305648803711,"loss_d_total":6.084081172943115,"loss_g_kl":148.7801971435547,"grad_norm_d":Infinity,"loss_g_fm":0.3191574513912201,"_timestamp":1.744086990592105e+09,"_step":0,"loss_g_total":251.77700805664062,"_wandb":{"runtime":88},"loss_g_dur":1.663151741027832,"lr":0.0002,"_runtime":83.234478158,"grad_norm_g":NaN}